TDSFU Daily run: Sun Oct 19 14:38:06 UTC 2025 TDSFU
TDSFU Daily run: Mon Oct 20 04:38:37 UTC 2025 TDSFU
TDSFU Daily run: Tue Oct 21 04:35:40 UTC 2025 TDSFU
TDSFU Daily run: Wed Oct 22 04:36:56 UTC 2025 TDSFU
TDSFU Daily run: Thu Oct 23 04:35:07 UTC 2025 TDSFU
TDSFU Daily run: Fri Oct 24 04:35:23 UTC 2025 TDSFU
TDSFU Daily run: Sat Oct 25 04:33:42 UTC 2025 TDSFU
TDSFU Daily run: Sun Oct 26 04:33:51 UTC 2025 TDSFU
TDSFU Daily run: Mon Oct 27 04:43:08 UTC 2025 TDSFU
TDSFU Daily run: Tue Oct 28 04:36:32 UTC 2025 TDSFU
TDSFU Daily run: Wed Oct 29 04:41:36 UTC 2025 TDSFU
TDSFU Daily run: Thu Oct 30 04:35:51 UTC 2025 TDSFU
TDSFU Daily run: Fri Oct 31 04:38:28 UTC 2025 TDSFU
TDSFU Daily run: Sat Nov  1 04:33:09 UTC 2025 TDSFU
TDSFU Daily run: Sun Nov  2 04:35:55 UTC 2025 TDSFU
